VGG19,k1,k2,k3,k4,b
,0.004934118677427333,4.604731240294843,3.976945556201954,0.5194668849005564,22.540406121055014
