densenet201,k1,k2,k3,k4,b
,0.0005130879809812575,0.9359225857500799,1.98348464658452,2.399339345870991,172.82499342299275
