densenet201,k1,k2,k3,k4,b
,0.24974318266432463,205.67732825931716,3.421228785263232,0.00743216174461451,24.12821186872314
